Posts,cluster,sentimento
"o brasil e um pais unico. ontem bolsonaro disse que so ganhei as eleicoes porque o povo nordestino e analfabeto. quem tem uma gota de sangue nordestino nao pode votar nesse sujeito. os nordestinos estao em todo o brasil, trabalham e constroem esse pais.",0,negativo
"em sao bernardo, onde tudo comecou, com fernando haddad, geraldo alckmin e guilherme boulos, iniciando nossa caminhada no segundo turno. vamos juntos, por sao paulo, pelo brasil, pelo nosso povo. #equipelula #brasildaesperanca",0,negativo
lula e haddad em caminhada em sao bernardo do campo,2,positivo
"nao e verdade que o candidato do pt a presidencia, luiz inacio lula da silva, propoe a criacao de banheiros infantis unissex se for eleito, conforme insinuam postagens nas redes sociais. nao ha qualquer mencao a essa proposta nas diretrizes da chapa petista registradas no tse (tribunal superior eleitoral), e a campanha do expresidente desmentiu a alegacao. as publicacoes mostram uma placa de campinas (sp), onde as escolas infantis contam com banheiro infantil unissex com fra",0,negativo
"sao bernardo nos deu a vitoria no 1o turno e vai nos dar a vitoria mais uma vez no 2o turno. vamos juntos, com fernando haddad governador!",0,negativo
"de propina no pneu a onibus superfaturado, passando por rachadinha e 51 imoveis em dinheiro vivo: confira 17 escandalos de corrupcao do governo bolsonaro. #equipelula",0,negativo
desinformacao circula nas redes sociais para criticar o candidato do pt ao planalto,0,negativo
"quem tiver uma gota de sangue nordestino nao pode votar nesse negacionista, nesse monstro que governa esse pais, diz candidato do pt",0,negativo
lula recebe apoio de politicos do psd,2,positivo
"com fernando haddad em sao bernardo do campo. em sao paulo e no brasil, e 13!",2,positivo
"coletiva da frente ampla brasil da esperanca, com senadores e governadores",0,negativo
um recadinho da alcione pro genocida. #forabolsonaro #bolsonaro #lula,2,positivo
"coletiva de lula para a imprensa com o presidente do pdt, carlos lupi",0,negativo
bom dia!  #lula #lulapresidente,2,positivo
o atual presidente tem ajustado suas promessas de campanha para apresentar ao eleitor propostas semelhantes as do expresidente luiz inacio lula da silva (pt),2,positivo
"pela democracia e pela inclusao social. obrigado pelo seu voto e confianca, fernando henrique cardoso. o brasil precisa de dialogo e de paz.",0,negativo
luiz inacio #lula da silva (pt) foi questionado nesta quintafeira (6/10) se pretende fazer uma carta aos evangelicos. o expresidente argumentou que todos ja sabem que ele e religioso e que o papel do estado e garantir a liberdade religiosa.,2,positivo
"encontrei hoje helder barbalho, governador do para reeleito no 1o turno com a maior votacao do brasil. agradeco seu apoio neste segundo turno. vamos juntos pelo bem do para e do brasil!",0,negativo
o dia de sao francisco e para lembrarmos da importancia da natureza e da amazonia para a vida no nosso planeta. uma mensagem de paz para o brasil. ,0,negativo
lula e janja tem um recado pra voces. vamos colocar o pe na rua e com forca e fe vencer no 2o turno!,2,positivo
espalhe a verdade! lula nunca disse nem deus tira essa eleicao! #equipelula #brasildaesperanca,2,positivo
"em seu berco politico em sp, petista rebateu fala de presidente sobre analfabetismo no nordeste. http://glo.bo/3cgfxp4",2,positivo
bom dia. #falalula,0,negativo
petista vai abordar temas como aborto e religiao para tentar conquistar votos do eleitorado evangelico,0,negativo
lula mais uma vez falando a verdade,2,positivo
compartilhe a verdade!,0,negativo
"bolsonaro vence em sp, lula em mg",2,positivo
a senadora simone tebet (mdb) anunciou na tarde desta quartafeira (05) apoio a candidatura de lula (pt).,2,positivo
lula me fez ser empresaria. eu era cozinheira de um hotel e eu arrendei esse hotel. hoje dou emprego a 23 mulheres. dona rosa transformou sua vida atraves de politicas do lula para micro e pequenas empresas. esse brasil que queremos de volta! #equipelula ,0,negativo
"levantamento divulgado nesta quinta (6) mostra o petista com vantagem para o segundo turno; no primeiro, ele teve cerca de 6 milhoes de votos a mais do que o atual presidente",0,negativo
"a margem de erro do levantamento e de 1,8 ponto percentual para mais ou para menos; confira ",0,negativo
"hoje e o dia nacional da pequena e medias empresas. infelizmente, elas vem sofrendo nas maos de bolsonaro e paulo guedes. com lula, elas voltarao a ser valorizadas e respeitadas. #equipelula #brasildaesperanca",0,negativo
"nos vamos conversar mais com o povo, nos vamos voltar a percorrer o brasil. porque quem teve a vitoria que a gente teve (no primeiro turno), seguramente, essa vitoria sera aumentada para o segundo turno.",0,negativo
"meu apoio ao candidato lula e uma resposta ao que vi nos ultimos anos, diz tasso",2,positivo
"simone tebet (mdb) ficou em terceiro lugar na corrida presidencial, com um total de 4,9 milhoes de votos",0,negativo
a reuniao entre integrantes da campanha do expresidente #lula nesta quintafeira (6/10) com o ministrio alexandre de #moraes serviu para expor preocupacoes e pedir providencias ao presidente do tribunal superior eleitoral.,0,negativo
"desde o momento em que minha reeleicao foi confirmada e o segundo turno ficou definido entre lula e bolsonaro, eu tenho repetido o que disse nessa entrevista ainda na noite de ontem com paulo sergio pinto na tv pampa: e logico que entre os dois votarei em bolsonaro e trabalharei muito para impedir a volta do pt e enterrar de vez nas urnas o seu candidato, que deveria estar preso pelos seus crimes. e surreal o golpe que o stf deu na populacao brasileira ao anular os processos ",0,negativo
reuniao da coordenacao da campanha lulaalckmin,0,negativo
quem apoia lula e o pt so pode fazelo por duas razoes: por ignorancia ou por maucaratismo. nao se manifestar contra lula nesse momento e permitir que o projeto que quase destruiu o brasil com corrupcao e inversao de valores possa se instalar novamente. e hora de uniao contra o partido que tem como representante o pai do mensalao e do petrolao!,0,negativo
"com lula, ampliacao da rede de prevencao ao cancer. com bolsonaro, corte da verba contra a doenca para bancar orcamento secreto! #equipelula #brasildaesperanca #lulapresidente13",0,negativo
"vamos, no brasil inteiro, trabalhar muito, conversar muito, para termos mais votos, em todos os estados, do que tivemos no 1o turno.",0,negativo
senadora fez questao de colocar em pauta um projeto que ira beneficiar a igualdade entre homens e mulheres no mercado de trabalho  #lula #simonetebet #eleicao (via universa),2,positivo
"#urgente: lula (pt) e bolsonaro (pl) disputam 2o turno para presidente, projeta datafolha #eleicoes2022",2,positivo
"chico alves: menos pelo apoio a lula e mais pela justificativa dada para isso, tebet age como alguem que mostra a estatura politica que parece estar em falta na vida nacional #simonetebet #lula #eleicoes2022 (via uol noticias)",2,positivo
"assistam essas dicas de ouro para ajudar a eleger #lula no segundo turno, resgatar a esperanca e acabar com o pior governo da historia do brasil",0,negativo
"podcast 2+1  i a senadora e agora excandidata a presidencia da republica, simone tebet (mdb), concedeu entrevista ao podcast 2+1 desta semana, com vera magalhaes e carlos andreazza. a politica, que terminou o primeiro turno das eleicoes em terceiro lugar, justificou seu apoio a lula (pt) no segundo turno pela defesa da democracia. ela ainda apontou preocupacao com a vitoria de jair bolsonaro (pl) em meio a nova formacao de extremadireita do congresso.",2,positivo
"o #ipec (antigo ibope) divulgou, nesta quintafeira (5/10), a primeira pesquisa eleitoral para o segundo turno das eleicoes presidenciais. o levantamento e o primeiro divulgado apos as criticas sobre a divergencia entre o resultado real das urnas no domingo (2/10) e as projecoes feitas na vespera por institutos de pesquisa.",0,negativo
"as imagens mostram um jovem negro sendo algemado e, em seguida, repreendido: vai gritar lula la na africa agora #policia #lula #racismo",2,positivo
espero voces la! #lula #lulapresidente,2,positivo
"venha confirmar a vitoria de lula! as pesquisas indicam que lula e o preferido da populacao brasileira. nos estaremos nas ruas, nas pracas, de casa em casa. juntese, traga sua bandeira, desfaca fake news, converse com todo mundo.",0,negativo
"ao fim do pleito, simone tebet (mdb) obteve 4,9 milhoes de votos, o que representa 4,2% dos votos validos. mdb liberou filiados nesta quarta",0,negativo
"ciro gomes fez um pronunciamento dizendo que segue a decisao de seu partido (pdt) em apoiar a candidatura de lula, mas lamenta que esta seja a saida para esta eleicao.",0,negativo
"precisamos de mais respeito! por isso, dia 30 e lula 13 ",2,positivo
pronunciamento de lula em sao paulo,2,positivo
mailson de nobrega diz que o expresidente precisa sinalizar que seu governo tera uma regra sobre o controle de gastos #mailsondenobrega #lula #eleicoes2022,2,positivo
"#panico | ao analisarem as expectativas para o 2o turno das eleicoes, pietra bertolazzi e guga noblat discutem sobre polemicas e valores morais da esquerda e da direita",0,negativo
 devastador: lula desesperado! pesquisa confirma empate tecnico| esquerda chora,2,positivo
"lula, haddad, alckmin e franca em caminhada pela vitoria. vamos juntos por sao paulo e pelo brasil",0,negativo
hoje participamos da plenaria rumo a vitoria de lula no circo voador. e gas total na campanha pra derrotar o genocida! ,2,positivo
discussao escalou rapido,0,negativo
encontro hoje com representantes do psd pela democracia e para conquistarmos mais votos para a vitoria. vamos cuidar do brasil de novo. ,0,negativo
a busca pelo voto evangelico foi um dos principais desafios da campanha do petista no primeiro turno,0,negativo
"candidato do pt a presidencia fez caminhada e comicio em sao bernardo do campo (sp), cidade em que trilhou sua historia como metalurgico",0,negativo
"a maquina em acao | um dia depois de confirmado o segundo turno em uma eleicao que sera decidida este mes entre o presidente jair bolsonaro e o expresidente luiz inacio lula da silva, o governo vai antecipar o pagamento do auxilio brasil para a proxima tercafeira, dia 11 de outubro. o cronograma original estava previsto para o dia 18.",0,negativo
"mexeu com as universidades publicas, mexeu com pelotas! estamos juntos na luta! ",0,negativo
"luiz inacio lula da silva, candidato do pt a presidencia da republica, falou sobre o resultado das eleicoes neste domingo (2). ele vai disputar o segundo turno com jair bolsonaro (pl).",2,positivo
lula fala para a populacao na avenida paulista,2,positivo
a campanha do atual presidente classificou as declaracoes como inveridicas (via uol noticias),1,neutro
pdt anuncia apoio a candidatura de lula no 2o turno das eleicoes => http://glo.bo/3rullzx #g1,2,positivo
"mei e simples foram criacoes dos governos lula que ajudaram a estimular o empreendedorismo e a geracao de emprego e renda. no dia da pequena empresa, conheca nossas propostas para a economia do brasil: https://lula.com.br/propostaslula13/ #equipelula #brasildaesperanca",2,positivo
"a sondagem, feita com entrevistas presenciais e contratada pela genial investimentos #lula #bolsonaro #eleicoes2022",2,positivo
a relacao do candidato com a tv de edir macedo nao e boa por causa dos ataques que a iurd fez usando a emissora,0,negativo
"lula ouviu verdades e nao aguentou. bonner, de forma lamentavel para o jornalismo brasileiro l, agiu como ministro do stf no debate: tinha lado e nao se declarou suspeito. quando padre kelmon interrompeu lula, o candidato do ptb levou pito do mediador como se fosse aluno da 5a serie. quando o expresidiario lula ficou descompensado, bonner colocou a culpa em ambos os debatedores e ameacou chamar intervalo. vergonhoso!!!",2,positivo
"pesquisa contratada pela tv globo, a primeira projecao de segundo turno, foi divulgada nesta quarta (5) (via uol noticias)",1,neutro
"o presidente @jairmessiasbolsonaro acabou de comunicar oficialmente, atraves de uma live e coletiva de imprensa, o apoio do governador de minas gerais  que teve uma expressiva votacao sobre o candidato apoiado por lula em minas e, sagrouse vencedor da disputa em primeiro turno.",0,negativo
"lula, guardiao dos territorios | cerimonia de protecao de lula hoje durante encontro com liderancas indigenas do maranhao. o expresidente recebeu uma lanca krepur, representando o titulo de guardiao dos territorios. ",0,negativo
blog do josias: a ampliacao da dianteira do candidato petista sinaliza que ele saiu na frente do rival na conquista do espolio de votos do primeiro turno #lula #bolsonaro #eleicoes2022 (via uol noticias),1,neutro
"essa soma e muito importante! e por uma paraiba que quer avancar ainda mais! sao jose de piranhas e 40, e joao. e 13, e lula! vamos simbora, a vitoria!",0,negativo
"nao se deixe enganar: na urna, lula e 13! #lula13 #lulanoprimeiroturno #brasildaesperanca",2,positivo
as vezes o lula #lula fala a verdade,2,positivo
expresidente tambem elogiou o papa francisco por nao ter medo de defender as pessoas e ter sempre a coragem de se posicionar,0,negativo
o senador eleito sergio moro (uniao brasilpr) declarou apoio ao presidente jair bolsonaro (pl) no segundo turno das #eleicoes2022.,2,positivo
votar no lula e assinar o atestado de que o crime compensa no brasil. nao seja cumplice. e jair ou ja era! ,2,positivo
"de acordo com o colunista do uol no pt sobre isso, principalmente por causa do bom desempenho da emedebista na campanha de 2022 #simonetebet #lula #eleicoes2022",2,positivo
"os economistas arminio fraga, edmar bacha, pedro malan e persio arida declararam em conjunto apoio ao candidato do pt",0,negativo
"a um dia do 1o turno das #eleicoes, expresidente luiz inacio #lula da silva (pt) e o exgovernador de sao paulo, geraldo alckmin (psb), fazem o ultimo ato de campanha na rua augusta, regiao central de sao paulo, nesta manha de sabado (1/10).",2,positivo
"a falsa conservadora, a falsa moralista.",0,negativo
briga de vizinhos e complicado...,0,negativo
 atencao: #bolsonaro e ou nao e macon?,0,negativo
lula defende a legalizacao do aborto,2,positivo
"meus amigos,",0,negativo
essa foi pesada!,0,negativo
"#bolsonaro e inimigo da #familia, das criancas, dos jovens e da #educacao. fecha escolas, #universidades e institutos federais cortando recursos. tem dinheiro so para o #centrao, para o orcamento secreto e para abrir clubes de tiro. o negocio dele e fazer o escola em casa deixar tudo para as familias. cada familia que se vire com a educacao. este e o governo do maconaro.",0,negativo
chefe do executivo associou a escolha da maioria dos eleitores da regiao pelo expresidente lula no primeiro turno a indice de analfabetismo (via uol noticias),1,neutro
"lula repercutiu uma fala de bolsonaro nesta quartafeira, quando o atual presidente disse que 'lula venceu em 9 dos 10 estados com maior taxa de analfabetismo. e que esses estados sao no nordeste'. #lula #bolsonaro #noarnacbn ",2,positivo
simone estepi perdeu seus eleitores,0,negativo
a diferenca e gritante,0,negativo
"agenda  bolsonaro acaba de chegar a belo horizonte, em sua primeira visita a minas gerais no segundo turno das eleicoes para presidente, e e recebido por apoiadores na rua da capital mineira com o grito de 'mito'. na noite desta quintafeira (6), ele participara de um evento organizado pela federacao das industrias do estado de minas gerais (fiemg), no patio do teatro sesi minas. ",0,negativo
 um recado de peso aos amazonenses ,0,negativo
"em evento em minas gerais, o presidente pediu a empresarios que conversassem com os mais humildes a seu favor",0,negativo
mulher guerreira e crista. ,0,negativo
"o presidente jair #bolsonaro (pl) afirmou nesta quintafeira (6/10) que o contingenciamento de 5,8% da verba de orgaos vinculados ao ministerio da educacao nao foi por maldade.",0,negativo
bolsonaro agradece a deus e se emociona,0,negativo
"as #mulheres e os deputados eleitos e reeleitos estao com nosso presidente jair messias bolsonaro para o 2o turno das eleicoes presidenciais deste ano. o governo mostrou a forca e o trabalho que fez ao longo desses anos para valorizar o publico feminino e continuara fazendo ainda mais! conte comigo, presidente. vamos juntos, #brasil! #bolsonaro #terezacristinasenadora #congressonacional",0,negativo
"lamentamos esse tipo de situacao. ver funcionarios publicos expostos dessa forma. uma familia do interior, com todo carinho nos enviou um video espontaneo comemorando o resultado do primeiro turno. fiquei muito grato e gravei um video para apoiadores incluindo o agradecimento a esse casal. no mesmo dia, a familia foi abordada por assessor com o script do que deveriam dizer e equipe de filmagem para obrigar a familia a dizer que nao conhece capitao. um absurdo.",0,negativo
existem dois paises dentro de um so. o brasil de verdade e o brasil do bolsonaro. ,0,negativo
"pesquisa genial/quaest divulgada nesta quintafeira (6/10) mostra o expresidente luiz inacio #lula da silva (pt) com 54% de votos validos no segundo turno, seguido pelo presidente jair #bolsonaro (pl), com 46%.",2,positivo
"segundo a magistrada, o video faz parecer que apenas o voto no atual presidente da republica seria capaz de garantir a prova de vida no inss",2,positivo
#bolsonaro #bolsonaro2022 #bolsonaro2023 #nicholasferreira # nicolasferreira #carlazambelli #simonetebet #cirogomes #lula #lula2022 #2turno #bolsonarismo # bolsonarotemrazao #padrekelmon #maconaria #evangelicos #catolicos #espiritas #pt #pl #psl #doria #marciofranca #rachadinha #flaviobolsonaro #carlosbolsonaro #sorayatronicke,2,positivo
"apos fala polemica em live, presidente acusa a esquerda de tentar abafar conquistas como a transposicao do sao francisco",0,negativo
opiniao do blog do josias: um presidente que nao consegue convencer o eleitor mais humilde de suas boas intencoes mesmo enfiando dinheiro no bolso dele as vesperas da eleicao e um analfabeto politico com pessima pontaria,0,negativo
"ao mexer com o bolso dos brasileiros, bolsonaro coloca em pratica uma boa estrategia para que esquecam sua gestao desastrosa da pandemia --e talvez ate mesmo sua imagem imitando pessoas morrendo sem ar (via madeleine lacsko)",0,negativo
hoje o lula fez campanha pro bolsonaro e falou a verdade sobre seu proprio governo. ,2,positivo
"boa tarde, meus amigos!",0,negativo
quem tera seu voto no dia 30?,2,positivo
"sao, ao menos, r$ 2,4 bilhoes que foram bloqueados e podem impactar oferta de bolsas para alunos pobres e atividades essenciais para o funcionamento das instituicoes #bolsonaro #orcamento #educacao",0,negativo
"simone tebet (mdb) ficou em terceiro lugar na corrida presidencial, com um total de 4,9 milhoes de votos (via uol noticias)",1,neutro
deputado ja fez 14 postagens contra o atual presidente desde o inicio da semana ,0,negativo
vai virar uma serie... tirinha de hoje: boiada nas estrelas.,0,negativo
"o presidente jair messias bolsonaro se reuniu hoje 06/10/2022 com governadores, que prestaram apoio no #2turno nas #eleicoes2022 para reeleicao.",0,negativo
"encontro sediado em americana reuniu cerca de 500 apoiadores, que cantaram hino nacional brasileiro.",0,negativo
"o nordeste foi a regiao em que os dois principais candidatos tiveram a maior diferenca de votos. o petista fez 67%, contra 26,8% do atual presidente",0,negativo
#poderdata: lula tem 52% dos votos validos contra 48% de bolsonaro no 2deg turno das #eleicoes2022.,2,positivo
"opiniao do leonardo sakamoto: essa violenta tatica de constrangimento pode nao gerar votos, mas tende a aumentar a fratura entre dois brasis. e, depois, o presidente diz que nao estimula o 'nos contra eles'",0,negativo
"a margem de erro do levantamento e de 1,8 ponto percentual para mais ou para menos; confira  (via uol noticias)",1,neutro
pesquisa da genial/quaest aponta que apenas 16% dos evangelicos sabem qual e a verdadeira religiao do presidente ,0,negativo
" terra adorada! entre outras mil,",0,negativo
presidente afirma que o programa vai mexer com a vida de 4 milhoes de pessoas,0,negativo
"o expresidente fernando henrique cardoso (psdb), de 91 anos, que governou o brasil por dois mandatos na decada de 1990, vencendo luiz inacio #lula da silva (pt) nas duas eleicoes, declarou, nesta quartafeira (5/10), voto no petista na disputa de 2o turno contra o candidato a reeleicao, jair #bolsonaro (pl).",2,positivo
mas a indole toxica do capitao e maior do que qualquer estrategia politica (via blog do josias),1,neutro
"em live, presidente alega achar que essa foi a unica vez que ele esteve neste tipo de espaco",0,negativo
general braga neto manda um recado especial para os gauchos! e onyx 22 e bolsonaro 22 #bolsonaro #bolsonaro2022,0,negativo
um dos melhores #tbt da minha vida: este video profetizando em 2016 que jair bolsonaro seria nosso presidente da republica. ,0,negativo
carmen lucia solta b0mbaatomica contra b0lsonaro!! delegado vai pedir prlsao,0,negativo
segundo turno,0,negativo
"opiniao do reinaldo azevedo: mesmo que venha a perder a eleicao, ele nao vai pagar nas urnas todo o mal que fez e faz ao pais. mas ainda o aguarda a justica",0,negativo
"reuniao com o presidente jair messias  bolsonaro com deputados estaduais, deputados federais, senadores, prefeitos e lideres politicos, no palacio da alvorada, em brasilia. ",0,negativo
" nao caiam em narrativas que tentam nos colocar contra nossos irmaos do nordeste. a esquerda divide para conquistar. ja tentaram com negros, mulheres, indigenas, etc. agora tentam com nordestinos, para abafar conquistas como a transposicao do sao francisco, que nos concluimos.",0,negativo
#bolsonaro #canibal,0,negativo
"a #pmmg (policia militar de minas gerais) foi acionada na noite desta 5a feira (6.out.2022) para investigar um objeto suspeito proximo ao teatro sesi minas, na cidade de belo horizonte (mg), onde o presidente jair #bolsonaro (pl) participava de evento com representantes da industria.",0,negativo
o religioso disse ter procurado o presidente para perguntalo se ele e macom apos o video viralizar e relatou que a resposta foi negativa #bolsonaro #silasmalafaia #maconaria,0,negativo
" governadores de goias, amazonas, roraima e vice presidente do uniao do brasil declaram apoio a reeleicao do presidente jair messias bolsonaro (06/10/22)",0,negativo
#bolsonaro #brasil #reeleicao #urna,0,negativo
#bolsonaro #pablomarcal #bolsonaro22 #brasil #liberdade #liberdadedeexpressao #brasilacimadetudo #direita #direitaconservadora #comunismonao #bandidonao,0,negativo
"o corte no preco dos combustiveis, realizado nos ultimos meses, virou bandeira politica do presidente em busca da reeleicao",0,negativo
veja este video,0,negativo
" a conversa mole agrada, mas e a coragem e a firmeza que garantem a seguranca e o futuro de um povo e de uma nacao nos momentos decisivos. sao essas virtudes que nos protegem dos ataques a nossa soberania, das chantagens dos poderosos e dos conchavos que massacram o nosso povo.",0,negativo
combatendo a pobreza  auxilio brasil.,0,negativo
"meus amigos, quero convidar a todos para o grande comicio pelo bem do brasil que vamos realizar na praca do pacificador, no centro de duque de caxias, no proximo dia 22 de outubro, a partir das 18h. estaremos com nosso governador @claudiocastrorj e o presidente @jairmessiasbolsonaro. ",0,negativo
presidente participa de evento em minas gerais pela primeira vez neste segundo turno. veja o video do discurso de bolsonaro ,0,negativo
as vezes a gente repete as coisas sem nem entender direito o que significam ,0,negativo
 encontro com empresarios (06/10/22),0,negativo
" contra tudo e contra todos, tivemos no 1deg turno de 2022 uma votacao mais expressiva do que aquela que tivemos em 2018. foram quase 2 milhoes de votos a mais! tambem elegemos as maiores bancadas da camara e do senado, o que era a nossa maior prioridade neste primeiro momento.",0,negativo
 deputados federais eleitos de todo brasil declarando apoio a reeleicao de jair bolsonaro no 2*turno (parte 2). (06/10/2022),0,negativo
urgente! ex juiz sergio moro manda recado para nacao brasileira,0,negativo
assistam e depois deixem um comentario.,0,negativo
"o povo assembleiano, os fieis, os cristaos querem e precisam de uma resposta. ",0,negativo
a magistrada relembra que o video ja tinha sido reconhecido como falso e ofensivo pela corte na eleicao de 2018 #pablomarcal #bolsonaro #eleicoes2022,2,positivo
"nesse 2deg turno, iremos todos com seguranca, harmonia e liberdade, mobilizar as pessoas e explicar a elas a importancia de exercer a cidadania e participar da melhor escolha para o brasil. ",0,negativo
"nossa deputada federal reeleita silvia cristina durante sua fala hoje em brasilia, deu um importante alerta para as mulheres, para que nao se deixem levar por fake news.",0,negativo
lula conversa com a imprensa em pernambuco,2,positivo
lula no recife #lula ##eleicoes2022 #jm,2,positivo
"o jornal nacional noticiou o ato de lula e rogerio hoje em sergipe.  foi o maior ato civil da historia do nosso estado, e levou milhares de pessoas pras ruas de aracaju. todo mundo ta doido pra voltar a ser feliz com lula 13 presidente e rogerio 13 governador.  confira a materia! ",2,positivo
caminhada com o povo de alagoas,0,negativo
"as ruas de aracaju lotaram de esperanca. e 13, lula e rogerio carvalho!",2,positivo
"apos investidas mal sucedidas no cirio de nazare onde a populacao paraense, autoridades  politicas e nota da igreja deixando claro que ele era um convidado oficial e do tumulto de seus eleitores no santuario de aparecida que virou noticia internacional, bolsonaro volta as suas raizes evangelicas ao lado do polemico 'apostolo' valdemiro santiago, da igreja mundial do poder de deus, que supostamente tinha feijoes magicos pra cura da covid e do do governador reeleito, romeu zema",0,negativo
"eles se esquecem do que o nordeste fez pelo brasil. quando eu assumi presidente, tambem assumi a tarefa de recuperar o orgulho nordestino. estava cansado de ver o nordeste aparecer na televisao por falta de educacao e de seguranca.",0,negativo
"em decisao, ministra defende que a peca publicitaria induz o eleitor ao erro",0,negativo
lula e rogerio com o povo em sergipe,2,positivo
"caminhada com paulo dantas, ronaldo lessa e o povo pelas ruas de maceio. vamos juntos por alagoas e pelo brasil! ",0,negativo
a mansao vai cair e o bolson4ro vai junto! ,0,negativo
"lula faz atendimento a imprensa neste momento, em recife/pe. acompanhe ao vivo!",2,positivo
via rogerio carvalho a #caminhadadavitoria com lula e rogerio carvalho foi repleta de amor! nosso presidente veio ate aracaju trazer esperanca de dia melhores para os sergipanos.  o povo quer o pt de volta no brasil e em sergipe. dia 30 e lula 13 presidente e rogerio 13 governador!,2,positivo
"pesquisa de intencao de voto realizada pelo instituto de pesquisas sociais, politicas e economicas em parceria com a associacao brasileira de pesquisadores eleitorais (abrapel), mostra o candidato do pt, luiz inacio lula da silva, com 50% das preferencias, contra 43% do candidato a reeleicao, jair bolsonaro (pl). brancos e nulos somam 4%. nao sabem ou nao responderam totalizam 2%.",2,positivo
"eu sei que a vontade de viver melhor encheu as ruas de salvador hoje. e com essa esperanca de mudar o brasil que vamos conquistar mais votos para uma vitoria ainda maior no segundo turno. obrigado, salvador! obrigado, bahia! boa noite.",0,negativo
a pesquisa foi realizada com 2 mil pessoas entre os dias 10 e 12 de outubro (via uol noticias),1,neutro
lula conversa com a imprensa em aracaju,2,positivo
que comecem os jogos!,0,negativo
"foram divulgados, na tarde desta quintafeira (13/10), os resultados da segunda pesquisa de intencao de votos genial/quaest para o segundo turno da disputa presidencial.",0,negativo
"acordando nesse pique. hoje pela manha estarei com o povo em aracaju e a tarde seguiremos para maceio. vamos ampliar a vitoria no segundo turno, bom dia! ",0,negativo
damares se complica e provas aparecem! cassacao foi pedida e prisao vem ai!,0,negativo
"ta chegando a hora, companheirada",0,negativo
"lula atende imprensa de pernambuco antes da caminhada por recife nesta sextafeira, dia 14 de outubro. acompanhe ao vivo no stv brasil.",2,positivo
e datapovo que chama? #equipelula #brasildaesperanca #lulapresidente13,0,negativo
#repost @portalg1 ,0,negativo
"sondagem foi contratada pelo progressistas, partido que faz parte da coligacao de bolsonaro (via uol noticias)",1,neutro
"no programa analise de pesquisas, colunista avaliam disputa presidencial de segundo turno entre o petista e o atual chefe do executivo, jair bolsonaro (via uol noticias)",1,neutro
todo dia e 13 ,0,negativo
" as sinalizacoes dos rumos que lula pretende levar o brasil estao mais claras a cada dia, com palavras ditas por ele mesmo. se abster do processo eleitoral e nao se preocupar com o futuro mais que proximo de sua vida!",0,negativo
"de acordo com o levantamento do instituto parana pesquisas, divulgado nesta quintafeira (13/10), o candidato luiz inacio #lula da silva (pt) tem 51,9% das intencoes de voto no segundo turno, em um cenario estimulado (quando os nomes sao apresentados aos entrevistados). ja o presidente jair #bolsonaro (pl) vem com 48,1%. nesse caso, nao sao considerados os brancos e nulos.",2,positivo
"terceira colocada no primeiro turno da eleicao presidencial deste ano e tida como um dos principais novos apoios a luiz inacio lula da silva (pt), simone tebet (mdb) vai assumir um protagonismo estrategico na campanha do petista nesta segunda fase da corrida ao palacio do planalto.",2,positivo
"ao lado de governador afastado do alagoas, o petista voltou a prometer quebrar os sigilos de 100 anos impostos por bolsonaro como presidente",0,negativo
thais oyama: campanha de lula ve a possibilidade de uma alta taxa de nao comparecimento do eleitor as urnas como a principal ameaca a sua vitoria #lula #quaest #eleicoes2022,2,positivo
a margem de erro e de um ponto percentual para mais ou para menos. esta e a primeira pesquisa do instituto para o segundo turno #lula #bolsonaro #eleicoes2022,0,negativo
impressionantes as imagens de lula em bh: o brasil do amor ta voltando ai... #brasildaesperanca #vote13,0,negativo
"a participacao nos programas eleitorais e um pedido feito por lula quando simone formalizou o apoio a candidatura petista, na ultima sexta (7). ",2,positivo
"simone tebett: eu quero dizer que o sr. entrega pra mim, neste momento, como cidada, como mulher e como mae, o brasil que eu sonho para os meus filhos e para os filhos e filhas do brasil.",0,negativo
faltam 18 dias para  eleger lula presidente #lula #lulabrasil #lulapresidente13 #lulapresidente #lulabrasil13,2,positivo
lula sempre acreditou em deus e e cristao! compartilhe a verdade! #equipelula #brasildaesperanca,2,positivo
"peca publicitaria e racista, discriminatoria e extrapola a liberdade de critica, diz orgao #bolsonaro #lula #eleicoes2022",2,positivo
"a declaracao foi feita por dantas durante um ato de campanha com o expresidente luiz inacio lula da silva (pt), antes da decisao da corte especial do superior tribunal de justica (stj) que confirmou seu afastamento.",2,positivo
"para o petista, o presidente se aproveita da religiao para fazer campanha (via uol noticias)",1,neutro
"a historia de que lula vai fechar igrejas e mentira, mas que bolsonaro esta praticamente fechando as universidades, colegios federais e creches, esta sim, e verdade.",0,negativo
"o nosso pais precisa de paz, de mais educacao, de melhores condicoes de vida e cidadania. e o que nos queremos para o nosso brasil. #brasildaesperanca",0,negativo
"na avaliacao da campanha do petista, a imagem de bolsonaro foi prejudicada no cirio de nazare e na missa no santuario nacional de nossa senhora aparecida  (via uol noticias)",1,neutro
"sem medo de ser feliz, vamos de lula!",0,negativo
"presidente volta a se exaltar em entrevista no palacio da alvorada, acusa moraes de desgastar governo por 'questao pessoal' e chama lula de 'pinguco'. leia: https://bit.ly/3chnroi",2,positivo
fake news se espalharam por redes sociais apos foto do artista com lula em ato realizado ontem no rj ,2,positivo
"kkkkkkkk lula querendo dizer o que um presidente pode ou nao pode fazer e tipo o casal nardoni dizendo como voce deve educar seus filhos. toma essa, vagabundo!",2,positivo
"por que voces que tem muito dinheiro e votam nesse demonio, se comportam assim? ",0,negativo
eles nao respeitam nem a fe do povo!,0,negativo
a pesquisa tambem levantou intencoes de votos validos,0,negativo
"no governo bolsonaro so tem bandido! vamos votar lula 13, derrotar essa gente, e seguir a luta pra que paguem por seus crimes na prisao!",2,positivo
o petista teve margem de cerca de 6 milhoes de votos no primeiro turno sobre o atual presidente jair bolsonaro,0,negativo
ao vivo 07/10 | lula se reune com simone tebet em sao paulo,2,positivo
"apoiadores do presidente alegam que o acronimo e de uma giria de grupos criminosos, o que nao e verdade",0,negativo
"de acordo com o relator do caso, o video contraria o direito a presuncao de inocencia do candidato do pt",0,negativo
" encerramos a nossa quintafeira com alegria! realizamos uma linda carreata do 13 em iguatu para reforcar a importancia e urgencia de elegermos o melhor presidente do brasil, o nosso querido lula. agradecemos o apoio e a confianca de todos os iguatuenses. estamos juntos por um brasil mais justo e igualitario, com lula, elmano e camilo!",0,negativo
"o conselho administrativo de defesa economica (cade) determinou, nesta quintafeira (13/10), a abertura de inquerito contra os principais institutos de pesquisas eleitorais -- ipec, datafolha e ipespe -- por infracao a ordem economica tipificada.",0,negativo
"o expresidente e candidato petista a presidencia da republica luiz inacio lula da silva (pt) desembarcou no recife na noite desta quintafeira (13) para participar de evento da sua campanha nesta sextafeira (14) na capital pernambucana. lula, que neste segundo turno apoia a candidatura de marilia arraes (solidariedade) ao governo de pernambuco, foi recebido por aliado petistas, como o senador humberto costa, e o prefeito do recife, joao campos (psb)  que na eleicao de 2020",2,positivo
 lula faz comicio no centro do recife nesta sextafeira (14),2,positivo
lula se encontra com frei davi no dia de sao francisco,2,positivo
"ara, dona filo e 13! ",0,negativo
"enquanto bolsonaro confisca bilhoes da educacao para dar para o centrao, e ainda ofende os estudantes, lula foi o presidente do brasil que mais criou universidades e institutos federais na historia.",0,negativo
nunca foi uma escolha dificil. #lula #lula2022,2,positivo
violencia e odio bolsonarista invadem as escolas!!!,0,negativo
"a campanha do expresidente luiz inacio lula da silva (pt) acatou sugestao dada pela senadora simone tebet (mdb) para que militantes usem branco em ato na baixada fluminense nesta tercafeira (11), em belford roxo (rj). segundo simone, a cor vermelha pode prejudicar a candidatura do petista.  saiba mais no link da bio.",2,positivo
"opiniao do leonardo sakamoto: no afa de passar por cima do adversario, o bolsonarismo acabou tambem atropelando milhoes de outras pessoas, reduzidas a parceiros do crime (via uol noticias)",1,neutro
lula sobre o aborto: deveria todo mundo ter direito e nao ter vergonha!,2,positivo
"eleitores de lula em minas, vejam isto. romeu zema, governador reeleito, conquistou votos dos mineiros associando sua imagem a de lula. agora, se alia a bolsonaro para atacar lula e conquistar votos para o genocida. enquanto lula o serviu, zema se esbaldou. essa e a politica suja praticada por bolsonaro e pelo governador de minas. dia 30 esta chegando, deem a resposta nas urnas.",0,negativo
"na opiniao do colunista, a campanha do petista tem que trabalhar se quiser sua vitoria",0,negativo
o que diz a lei sobre sigilo de cem anos,0,negativo
"eles dizem que, se o lula for eleito, nao vamos ter liberdade na internet no brasil. e mais uma mentira. e quem explica isso e um dos maiores influenciadores digitais do mundo, felipe neto.",0,negativo
"belford roxo ta lindo! a baixada fluminense e @lulaoficial, dia 30 e 13! #lulapresidente #lula",2,positivo
o apoio declarado de simone tebet a candidatura de lula contribui de forma incisiva para que o campo democratico possa ajudar a levar a derrota aqueles que querem amarrar o brasil a heranca machista e autoritaria.,0,negativo
"quem foge da venezuela nao esta fugindo do seu pais, mas do ditador nicolas maduro. fuja do lula para nao ter que fugir do brasil",0,negativo
#bomdia ,0,negativo
"quatro governantes eleitos em primeiro turno na regiao estavam com lula. agora, ele quer impulsionar outros cinco  (via uol noticias)",1,neutro
"evangelica ha mais de 20 anos, marina silva enfrenta mentiras da familia bolsonaro sobre lula espalhadas aos cristaos.",2,positivo
eu fico com pureza da resposta das criancas!,0,negativo
"na noruega, enfermeira nordestina manda o seu recado. e isso, companheira! e lula presidente!",2,positivo
lula e simone tebet conversam com a imprensa,2,positivo
lula em entrevista no ratinho,2,positivo
paulo dantas foi afastado na tercafeira (11) e e investigado por pratica de uso de funcionarios fantasmas em seu gabinete quando era deputado estadual #lula #maceio #eleicoes2022,2,positivo
" sempre existira alguem que nao gosta de voce ou que voce nao gosta, e impossivel agradar a todos.   agora, quando se trata de decidir os rumos de uma nacao, e preciso ir alem dessas questoes. a disputa nao e entre palavras duras e palavras doces, e entre caminhos bem distintos.",0,negativo
presidente estava acompanhado pelo filho flavio e pelo senador romario,0,negativo
"mais uma vez, bolsonaro desmascarado. estamos falando todos os dias: quando as eleicoes acabarem, podem esperar a gasolina sendo vendida novamente po r$ 8. nao e torcer contra, nem ser vidente. ",0,negativo
"apos decisao contra investigacoes, presidente ainda alega que o ministro do stf seria o candidato a vice de lula (pt) (via uol noticias) ",1,neutro
dom mauro morelli afirma que os seguidores arruaceiros do presidente deveriam ter sido presos em flagrante,0,negativo
#bolsonaro afirma que vai reduzir maioridade penal se for reeleito!,0,negativo
bolsonaro tambem afirmou que ainda nao tomou a vacina para covid19. ate ministros meus ficaram chateados. e liberdade minha.,0,negativo
"ontem a midia bem paga dos esquerdopatas, ou seja, as milicias digitais lotaram o google de desinformacoes sobre o cpx que hoje voce nao encontra o verdadeiro significado no google. ",0,negativo
"lula vira alvo de fake news bolsonarista por bone com sigla 'cpx', de 'complexo'",2,positivo
separamos alguns motivos pelos quais bolsonaro e o maior inimigo da educacao. mande para seu amigo (a) indeciso (a)! ta facil escolher no dia 30! ,0,negativo
"por diversas vezes, vimos lula defender criminosos, inclusive desdenhando de assaltos a mao armada. a defesa do pt aos bandidos fica bem clara quando olhamos a enorme taxa de assassinados no brasil durante os governos petistas.",2,positivo
"continua repercutindo  mais de 400 padres e 10 bispos catolicos emitiram manifesto que acusa o presidente jair bolsonaro de ter profanado o santuario de nossa senhora aparecida no ultimo dia 12, dia da padroeira do brasil. na ocasiao, o presidente da republica foi recepcionado pelos fieis com vaias e aplausos.",0,negativo
"vai dar muito trabalho reeducar o nosso povo. vamos precisar de um debate muito profundo com a sociedade, se e que ela ainda existe, pois tem reagido em passos lentos, mas constantes. vamos precisar de todo mundo pra banir do mundo a opressao; para construir a vida nova, vamos precisar de muito amor. a felicidade mora ao lado e quem nao e tolo pode ver. o brasil nao aguenta mais bolsonaro! ",0,negativo
nunca foi tao facil escolher.,0,negativo
sou apaixonado pelo brasil!! nao merecemos essa quadrilha de volta ao poder.,0,negativo
"estou em belo horizonte, com deputados federais e estaduais de minas. encontramos com o general braga neto, mineiro e candidato a vicepresidente do brasil ao lado de bolsonaro. ",0,negativo
voces concordam ou bolsonaro tinha razao de visitar a santa no templo de aparecida?,2,positivo
"obrigado, tangua! ",0,negativo
"a primeira rodada da pesquisa atlasintel sobre o segundo turno das eleicoes, divulgada nesta quintafeira (13/10), mostra o expresidente lula (pt) na lideranca das intencoes de voto, acima da margem de erro.",2,positivo
a infeliz historia de uma eleicao que virou guerra religiosa.,0,negativo
a uniao das liderancas da nossa regiao vai ajudar na campanha do presidente jair bolsonaro. vamos juntos nessa caminhada!,0,negativo
esta eleicao e marcada pela parcialidade do tse! mais um ato covarde da corte prejudica bolsonaro e favorece a pilantragem das pesquisas! ,0,negativo
objetivo da campanha e convencer o cantor a declarar seu voto na semana do segundo turno (via splash uol),1,neutro
"na decisao, o juiz do tse argumentou que o mjsp e o cade agiram de oficio, portanto, sem consultar a justica eleitoral. esses orgaos parecem demonstrar a intencao de satisfazer a vontade eleitoral manifestada pelo chefe do executivo e candidato a reeleicao, podendo caracterizar, em tese, desvio de finalidade e abuso de poder por parte de seus subscritores.",0,negativo
"apos o presidente jair bolsonaro (pl) participar de uma missa no santuario nacional de aparecida, a 180 km de sao paulo, o padre camilo junior, missionario redentista, afirmou nesta quartafeira (12), dia da padroeira, nao era o momento de pedir de voto, mas de pedir bencao a santa. a declaracao do padre ocorreu durante a cerimonia de consagracao solene a nossa senhora aparecida.",0,negativo
"a mudanca de verdade esta chegando, dia 30 de outubro e capitao la 22 e capitao ca 28! ",0,negativo
"as consequencias da sua escolha, no dia 30 de outubro, podem afetar o futuro da nossa nacao! ",0,negativo
impressionante essa censurando tse! combate a fakenews virou motivo para favorecer um candidato em detrimento do outro. vergonha!,0,negativo
"empresario e coach pediu que eleitores comparassem relogios usados pelo presidente com os do adversario nas urnas, luiz inacio lula da silva",2,positivo
 flavio dino diz que igreja catolica virou alvo por nao ter se curvado ao bolsonarismo,0,negativo
confusao causada por bolsonaristas na cidade durante o feriado e usada como mote da campanha ,0,negativo
lembra quando dizem que a corrupcao so aparece se for investigada?,0,negativo
"durante a homilia na principal missa celebrada do dia de nossa senhora aparecida, no santuario de aparecida, o arcebispo da arquidiocese, dom orlando brandes, disse que e preciso combater o dragao do odio, da mentira, do desemprego, da fome e da incredulidade. o arcebispo tambem lembrou aos fieis a importancia do voto como exercicio de cidadania.",0,negativo
ha votos em disputa: entenda a estrategia do candidato a reeleicao para tentar uma virada inedita na corrida presidencial,0,negativo
"o tse trabalha pela eleicao do ladrao, nao ha duvidas.",0,negativo
"cada vez fica mais claro contra quem estamos lutando. enquanto empresas conservadoras sao fechadas e censuradas, institutos que agem de forma criminosa para manipular a eleicao recebem sinal verde do presidente do tse",0,negativo
esse e o brasil que eu quero! ,0,negativo
opiniao do chico alves: a imagem de religiosidade construida desde que colocou em pratica o plano de ocupar a presidencia da republica nao combina com o bolsonaro real,0,negativo
presta atencao! ,0,negativo
"sondagem foi contratada pelo progressistas, partido que faz parte da coligacao de bolsonaro",0,negativo
a nossa bandeira jamais sera vermelha! o pt nao pode voltar ao poder para destruir a nossa nacao. vamos juntos lutar por um brasil melhor?  ,0,negativo
 o verdadeiro pt que determinados tentam proibir que voce saiba:,0,negativo
"representantes de diversas denominacoes cristas reuniramse nesta quintafeira (13) em um hotel no bairro de boa viagem, na zona sul do recife, para um encontro com o presidente jair bolsonaro (pl), candidato a reeleicao. ",0,negativo
entidade diz que o entao deputado federal faltou com a verdade ao falar de suposta tradicao do povo yanomami de comer carne humana,0,negativo
 pernambuco / imprensa (13/10/22),0,negativo
"escolha consciente!  porque rio largo, alagoas e o brasil precisam de representantes com sentimento humano, amor e forca para trabalhar do jeito certo! ",0,negativo
"de acordo com o relator do caso, o video contraria o direito a presuncao de inocencia do candidato do pt (via uol noticias)",1,neutro
 encontro com pastores do nordeste (recife  pe),2,positivo
recado do presidente para os moradores de belford roxo!!!,0,negativo
"o #esquema pelo qual, em troca de apoio no congresso, jair #bolsonaro direciona verbas publicas para atender #deputados e #senadores sem que eles sejam identificados.",0,negativo
"deus acima de tudo, brasil acima de todos ",0,negativo
 guaratingueta / sp (12/10/2022),0,negativo
#guardioesdanacao #politica #governofederal #bolsonaro #patriabrasil #brasilacimadetudo #deusacimadetodos,0,negativo
menos eu...,0,negativo
deputado estadual alex de madureira reeleito!,0,negativo
"como disse o padre camilo junior, hoje nao e dia de pedir votos, pelo menos ali em aparecida, disse chico durante participacao no uol news",0,negativo
"em ato de campanha, lula desembarcou no recife nesta sextafeira (14). o candidato a presidencia esta neste momento em uma coletiva de imprensa ao lado da candidata ao governo de pernambuco, marilia arraes, e do prefeito do recife, joao campos. ",2,positivo
abafa o caso,0,negativo
#minas #minasgeraisoficial #minasgeraisbolsonaro #minasgeraiscombolsonaro #bolsonaro #bolsonaro2022 #bolsonaro22,0,negativo
o desafio foi lancado ,0,negativo
#charge de thiago lucas (@thiagochargista). #nordeste #governobolsonaro #bolsonaro #recife,2,positivo
"propaganda eleitoral, presenca em cultos e reunioes com prefeitos: entenda a estrategia do candidato a reeleicao para virar votos no 2o turno  (via uol noticias)",1,neutro
registros da conemadgo (convencao estadual de ministros das assembleias de deus em goias) que aconteceu ontem em anicuns  oeste goiano. ,0,negativo
compartilhe.  #bolsonaro2022 #bolsonaromito #bolsonaro #bolsonaro17 #bolsonaropresidente #bolsonaro22 #bolsonarotemrazao #bolsonaro2018 #bolsonaro2022 #bolsonaro2022,0,negativo
"thais oyama: nunca, numa eleicao presidencial no brasil, o candidato que ficou em segundo lugar no primeiro turno ultrapassou e venceu o favorito no final #bolsonaro #eleicoes2022",2,positivo
 encontro com liderancas evangelicas da cgadb,0,negativo
"e serio, muito serio. ",0,negativo
o comportamento de bolsonaro no caso das meninas venezuelanas foi um comportamento pedofilo. por isso ele ficou desesperado e tentou se explicar o mais rapido possivel.,0,negativo
lula no flow,2,positivo
"hoje, estimase que 17,1 milhoes de pessoas vivem nas favelas brasileiras. familias, trabalhadores e estudantes que dao orgulho ao nosso pais. favelado nao e bandido! bolsonaro e preconceituoso e nao respeita o povo brasileiro.",0,negativo
 pesquisa presidenciaveis abrapel/ipespe,0,negativo
"em entrevista ao flow podcast nesta tercafeira (18), o candidato do pt a presidencia, luiz inacio lula da silva, deu declaracoes enganosas ao comentar legados da gestoes petistas. nao e verdade, por exemplo, que a fome foi totalmente erradicada ou que 90% das categorias profissionais tiveram reajustes acima da inflacao. o expresidente tambem distorceu o sentido de uma fala do presidente jair bolsonaro (pl): diferentemente do que sugeriu o petista, o mandatario nao admitiu e",2,positivo
entrevista do expresidente chegou a superar 1 milhao de espectadores simultaneos ,0,negativo
voce acha que elite desse pais aceitou com muita facilidade o fato da gente fazer com que as pessoas pobres da periferia chegassem na universidade?,0,negativo
entrevista concedida pelo expresidente ao flow superou a marca de 1 milhao de acessos simultaneos (via uol noticias),1,neutro
lula bate recorde de audiencia simultanea registrada por bolsonaro no flow,2,positivo
"unidos pela democracia e pelo futuro do brasil, simone tebet esta no nosso time.",0,negativo
lula e pego mentindo no flow! ,2,positivo
mais de 1 milhao de pessoas assistindo simultaneamente. quem aqui acompanhou? igor 3k flow podcast ,0,negativo
"eu, em 2003, assinei a lei de liberdade religiosa. e em 2010 o dia da marcha para jesus. eu defendo todas as religioes e nao vou fechar igrejas.",0,negativo
"a entrevista de lula a igor 3k no flow podcast 'quebrou a internet', a hastag #lulanoflow esta desde o final da tarde e ainda segue como o termo mais comentado do brasil no momento. apos um dia de desafios de eleitores de bolsonaro que duvidavam que lula bateria o record de de audiencia de 550 mil espectadores do presidente, viram lula ficar proximo de triplicar a marca, deixando os eleitores do presidente incredulos. varios prints dos eleitores do presidente em negacao viral",2,positivo
lula dando show no flow. a audiencia ja esta em 887 mil pessoas assistindo. bolsonaro teve 573 mil. assim vai ser tambem no dia 30 de outubro. nao tem pra ninguem!,2,positivo
marca do petista foi registrada em apenas 20 minutos de programa (via uol noticias),1,neutro
lula no  flow podcast' supera um milhao e bate recorde de bolsonaro,2,positivo
"o candidato a presidencia da republica, luiz inacio lula da silva (pt), informou que nao vai participar do debate promovido pelo sbt com o pool de veiculos formado por cnn brasil, estadao/eldorado, veja, terra e novabrasilfm.",2,positivo
nem chegamos ao dia 30 de outubro e a gasolina de bolsonaro ja comecou a subir. era tudo armacao para durar so ate a eleicao! ,0,negativo
"o candidato a presidencia luiz inacio #lula da silva respondeu algumas perguntas dos reporteres na saida dos estudios da band. segundo lula, #bolsonaro mentiu e nao respondeu perguntas sobre o salariominimo e a educacao.",2,positivo
executivos deram novas orientacoes levando em consideracao as ultimas decisoes do tribunal superior eleitoral ,0,negativo
"com o uso da matematica, o candidato do pt tenta ensinar que nao e preciso adorar lula, mas apenas votar nele. uma boa estrategia, ja que o que faz ganhar uma eleicao sao numeros e nao o amor (via madeleine lacsko)",2,positivo
bolsonaro e viciado em mentir e usa ate a biblia para enganar o povo! compartilhe a verdade! #equipelula #brasildaesperanca,0,negativo
confira quais afirmacoes feitas na emissora o candidato do pt podera rebater ,0,negativo
marca do petista foi registrada em apenas 20 minutos de programa,1,neutro
" quem olha pra economia ve o desastre do atual governo, que impacta diretamente na vida das familias brasileiras.",0,negativo
"em apenas 20 minutos de programa, o petista conseguiu ultrapassar a audiencia conquistada por bolsonaro",1,neutro
"o comportamento dele, no caso da venezuelanas, e um comportamento de um pedofilo. por isso, ele tentou consertar o mais rapido possivel lula poe o dedo na ferida e nao desvia do tema que mais abalou bolsonaro na semana. #lulanoflow",0,negativo
"em entrevista ao podcast flow, o petista comentou a fala do presidente sobre meninas venezuelanas (via uol noticias)",1,neutro
encontro de lula com religiosos em sao paulo,2,positivo
bolsonaro levou o odio a basilica de nossa senhora aparecida. e tentou destruir um dia sagrado para os catolicos brasileiros. bolsonaro nao respeita a fe das pessoas. ele usa a fe para fazer politica.,0,negativo
"a gente vai ter que suspender todas nossas horas vagas para se integrar na campanha, diz lula para apoiadores.",0,negativo
encontro de lula com comunicadores da coligacao brasil da esperanca,2,positivo
e o segundo levantamento do instituto apos o primeiro turno #lula #bolsonaro #ipespe (via uol noticias),1,neutro
candidato falou sobre o recente apoio do craque a bolsonaro  (via uol esporte),1,neutro
#eleicoes2022 ,2,positivo
 debate presidencial ao vivo: lula e bolsonaro participam do 1o debate do segundo turno,2,positivo
chegamos! e daqui a pouco. igor 3k flow podcast #lulanoflow,0,negativo
 bolsonaro dispara !! lula desce ladeira a baixo| stf muda regra do jogo  para ajudar  pt,0,negativo
"esta e a caravana da esperanca, a esperanca que a gente possa recuperar o brasil e garantir uma vida melhor para o povo brasileiro.",0,negativo
um milhao!!,0,negativo
hoje tem lula ao vivo no flow podcast! anote na agenda: a partir das 19h. #equipelula #brasildaesperanca,2,positivo
b0lsonarista ch0ra!! ator global disse que lula ia tomar sua casa mas perde mansao por calote!!,2,positivo
"urgente: a casa caiu para o lula, ele difamou a ministra damares, mas nesse video eu mostro a realidade do marajo, por favor compartilhem ate chegar no presidente bolsonaro e na ministra damares! lula descaradamente mentiu no flowpodcast! ",2,positivo
1 milhao de pessoas em simultaneo!,0,negativo
a favela e lugar de povo trabalhador!,0,negativo
"as mentiras do candidato lula no programa do flowpodcast, sera que ele se saiu bem? mentiu muito? faltou a presenca do monark no programa para questionar mais aindo o candidato, igor nao questinou muito.",0,negativo
#eleicoes2022,2,positivo
"e recorde, nao tem jeito, se e pra fazer historia, e @lulaoficial dia 30 e 13! #lulapresidente #lula",2,positivo
candidato do pt participara de podcast nesta tercafeira (18),0,negativo
acao e devido a difusao de conteudos falsos contra o expresidente lula #carlosbolsonaro #lula #tse,2,positivo
"pesquisa do instituto ipespe divulgada na tarde desta tercafeira (18/10) traz o expresidente luiz inacio #lula da silva (pt) liderando as intencoes de voto no segundo turno, com 53% dos votos validos. o presidente jair #bolsonaro (pl) aparece com 47% no levantamento. esse cenario com votos validos exclui nulos, brancos e indecisos. o resultado oficial da eleicao tambem leva em conta apenas estes votos.",2,positivo
candidato do pt associa o adversario a governantes de hungria e italia e faz alerta sobre futuro do pais se essa barbarie continuar (via uol noticias),1,neutro
"o fundador do partido #novo, #joaoamoedo, declarou voto em luiz inacio #lula da silva (pt) no segundo turno das eleicoes. no pleito de 2018, amoedo apoiou jair #bolsonaro (pl), principal adversario de lula na disputa deste ano.",2,positivo
"o expresidente depois ainda incentivou o apresentador do programa, igor coelho, a tambem ir a urna (via uol noticias)",1,neutro
"efeito cpx. apos bolsonaro associar o complexo do alemao a criminalidade por causa da visita de lula a favela, cresceu a vantagem do petista nas periferias. no ipec desta segunda (17), lula apresentou 51% de intencao de voto nesse segmento, na pesquisa anterior somava 50%. ja bolsonaro estava com 45% entre os perifericos e na nova pesquisa apareceu com 38%, ou seja, caiu 7 pontos. a diferenca entre os dois candidatos aumentou 8 pontos.",2,positivo
a senadora simone tebet chegou a aconselhar que a cor nao fosse usada pelos apoiadores do petista na corrida presidencial ,0,negativo
"luis claudio lula da silva, que e empresario, diz que filhos do presidente nao sabem o que e trabalhar",2,positivo
blog do josias: os movimentos que ocorrem no quintal dos fundos da pesquisa ainda nao tiram o favoritismo de lula. mas ja consolidam bolsonaro como um potencial futuro opositor duro de roer (via uol noticias),1,neutro
reposted from @massificabr ,0,negativo
a forca do povo,0,negativo
"algumas vezes durante o debate, bolsonaro se aproximava do expresidente e chegou a tocar no ombro de lula -- o petista se esquivava; confira #eleicoes2022 #debate #lula #bolsonaro",2,positivo
e o igor do @flowpdc totalmente de boas com o lulao...,0,negativo
"a confederacao nacional do transporte (cnt) divulgou, nesta segundafeira (17/10), sua primeira pesquisa de intencao de votos para a #presidencia da republica neste segundo turno.",0,negativo
profissionais avaliaram embate como um todo e destacaram os principais pontos que favoreceram os presidenciaveis  #debate #lula #bolsonaro,2,positivo
veja quando o petista vai participar do podcast alvo do desafio do deputado,0,negativo
video desinformativo circula em diversos perfis nas redes sociais  (via uol noticias),1,neutro
"o lula e inocente, ate que provem o contrario.",2,positivo
lula e inocente.,2,positivo
" lula nao participara de debate no sbt, bolsonaro dara uma entrevista de uma hora",2,positivo
"reportagem do jornal folha de s.paulo, baseada em estudo do netlab, da ufrj (universidade federal do rio de janeiro), mostrou em setembro que o algoritmo do youtube privilegia videos a favor do presidente em suas recomendacoes",0,negativo
"neste intervalo, 600 mil pessoas acompanhavam a conversa; com uma hora, live contava com 1 milhao de internautas.",0,negativo
"em debate, bolsonaro fez declaracao preconceituosa baseada em uma fake news que circulou nesta semana, de que a sigla cpx seria giria de grupos criminosos #lula #complexodoalemao #eleicoes2022 (via uol noticias)",1,neutro
"bolsonaristas sao sujos, baixos.",0,negativo
petista acabou se desconcentrando enquanto o atual presidente usufruiu do tempo para atacar seu oponente e promover plano de governo  #lula #bolsonaro #debate,0,negativo
@lulaoficial ja esta nos estudios do @flowpdc #lulanoflow #lula #lulapresidente,2,positivo
"candidato do pt atacou sigilos de bolsonaro, falou de pandemia e cutucou rival sobre imoveis com dinheiro vivo; confira  (via uol noticias)",1,neutro
"opiniao do reinaldo azevedo: bolsonaro nao hesitou em levar o cadaver de marisa para o debate, mas o expresidente escolheu bater apenas acima da linha da cintura (via uol noticias)",1,neutro
candidatos tiveram um embate direto sem intervencao de jornalistas e se movimentaram no palco,0,negativo
integrantes da equipe juridica do candidato a reeleicao dizem ver margem para conseguir derrubar publicacoes em redes sociais que o associam ao crime de pedofilia #bolsonaro #lula,0,negativo
candidato do pt decidiu usar o adereco no embate apos a viralizacao de um video de bolsonaro falando sobre jovens venezuelanas,0,negativo
a pesquisa foi realizada de 14 a 16 de outubro de forma presencial com 2.002 pessoas (via uol noticias),1,neutro
"um mar de gente tomou as ruas do recife, nesta sextafeira (14), para acompanhar a caminhada do expresidente lula (pt). ao lado do prefeito do recife joao campos (psb) e de marilia arraes (sd), o petista pediu votos para a candidata do solidariedade e selou a unidade entre os primos.",2,positivo
lula decide nao ir ao debate no sbt. emissora vai entrevistar bolsonaro.,2,positivo
"vou me aproximar da camera, mas nao vou te agredir, vera",0,negativo
"foi historico! e pra cada data historica, a gravata da sorte. #lula #flow #brasil #gravata #lulaodopovao",2,positivo
boa noite! #debatenaband #lulanaband #lulapresidente #lula,2,positivo
candidatos oscilaram dentro da margem de erro em relacao ao levantamento anterior,0,negativo
 veja algumas das frases de impacto que marcaram a participacao de lula no flow.,2,positivo
troca de acusacoes marcou inicio do embate entre os presidenciaveis ,0,negativo
o instituto entrevistou 2 mil pessoas pessoalmente entre os dias 16 e 18 de outubro,0,negativo
tem bolsonaro de novo,0,negativo
o #presidente jair #bolsonaro gravou um video pedindo desculpas por levantar suspeitas de que garotas venezuelanas estariam se prostituindo nos arredores de #brasilia.,0,negativo
"ao testar positivo para a covid19, jornalista assumiu postura bem diferente do que e visto na tv atualmente  (via splash uol) ",1,neutro
o socialismo defendido pelo pt e isso....,0,negativo
" montes claros/mg, 18 out 22.",0,negativo
video gravado pelo presidente para tentar se justificar nao foi unanimidade entre aliados,0,negativo
bolsonaro coloca o enxofre em seu devido lugar,0,negativo
eu voto nele pq...,0,negativo
o gramunhao nunca vai ajuntar uma multidao como esta.,0,negativo
"esse ano minha vida foi uma loucura, um dia eu quase morri em uma grave acidente, que tenho certeza ter sido salvo por deus pois minha unica lesao foi um arranhado na mao e no outro dia deus me coloca num encontro com o presidente da republica. tudo na vida tem um proposito e missao dada e missao cumprida! #bolsonaro #ptnuncamais",0,negativo
"em podcast gravado em setembro, presidente relata episodio com meninas bonitinhas de 14 e 15 anos, o mesmo que viralizou pelo uso da expressao pintou um clima ",0,negativo
nikolas expoe verdade avassaladora do pt,0,negativo
 isso nao te assusta? ,0,negativo
barbara gancia escreveu tuite apos fala de bolsonaro sobre adolescentes venezuelanas,0,negativo
casagrande: nao podemos deixar o estado de sao paulo e o brasil nas maos de piratas politicos que nao estao preocupados com nada que nao seja somente eles proprios #bolsonaro #eleicoes2022 (via uol noticias),1,neutro
bolsonaro atropelou o gramunhao,0,negativo
"comente quem voce acha que sera eleito o presidente da republica, lula ou bolsonaro?",2,positivo
#brasilacimadetudodeusacimadetodos #minhabandeiranuncaseravermelha #soparalembrar #juntossomosmaisfortes #bolsonaro #xoraoaline,0,negativo
"o presidente, que sugeriu sem provas que as jovens estavam se prostituindo, atribuiu a repercussao negativa de suas declaracoes a militantes de esquerda (via uol noticias)",1,neutro
 juiz de fora (18/10/22) (5),0,negativo
evento em sao goncalo (rj) terminou com uma busca por aparelhos e carteiras #comicio #bolsonaro #rj,0,negativo
cantor sertanejo garante que vai ser o primeiro a cobrar do presidente (via splash uol),1,neutro
"cidadao trabalhador, pagador de impostos e sem ficha criminal nao pode proteger sua integridade e sua familia, mas para o pt cidadao de bem bom e cidadao de bem m0rto.",0,negativo
reuniao de sertanejos para declarar apoio ao presidente teve ausencias notaveis,0,negativo
"o caso tem preocupado a campanha de bolsonaro, que publicou um video ao lado da primeiradama no qual tenta mais uma vez justificar a sua declaracao #bolsonaro #venezuelanas #eleicoes2022",2,positivo
varios aliados do presidente participaram de evento religioso,0,negativo
"primeiro porque a militancia bolsonarista de moro reforca a acusacao petista de que o exjuiz condenou lula na lava jato apenas para retiralo do baralho de 2018, convertendose posteriormente em ministro da justica de bolsonaro (via blog do josias)",0,negativo
gracas a deus esta tudo bem com tarcisio.,0,negativo
"novo delegado encarregado do caso pediu acesso ao laudo psiquiatrico de adelio, produzido recentemente por dois peritos, mas a justica federal negou",0,negativo
esta chegando a hora de votarmos no segundo turno das eleicoes presidenciais. e temos a missao de reeleger o nosso presidente @jairmessiasbolsonaro. nos sonhamos com um brasil gigante e e esse projeto que precisamos dar continuidade. vamos juntos somar forcas em prol desse objetivo! ,0,negativo
"campanha do presidente viveu momentos de tensao antes de primeiro confronto direto com lula, no domingo (15)",2,positivo
" bom dia! esta e a capa do jornal o tempo desta quartafeira (19), que traz o seguinte destaque: 'eleitores indecisos sao alvo de bolsonaro para virada em minas'.",0,negativo
"obrigada a todos voces, gigantes, pelo apoio! o futuro do brasil agradece ",0,negativo
"chico alves: nao houve mafe ou palavras tiradas de contexto. em varias ocasioes, bolsonaro se referiu as mulheres e adolescentes venezuelanas de sao sebastiao como se estivessem se prostituindo #bolsonaro #venezuelanas #eleicoes2022 (via uol noticias)",1,neutro
https://www.instagram.com/bolsonarodonordeste ,0,negativo
#humor #comedia #risadas #lula #bolsonaro #neymar #neymarjr #spiderman #podcast #beyonce #rihanna #50cent #pets #petshop,2,positivo
 declaracao a nacao 17/10/2022) (parte 2),0,negativo
promotor que solicitou a transferencia de marcola a um presidio federal passou a viver escoltado e ate hoje sofre ameacas de morte,0,negativo
"ret : sob censura  jovem pan oficialmente censurada. nao pode dizer que lula e ladrao ou expresidiario, ou coisa do tipo . ditadura escancarada. os petistas togados e politicos que censuram e lancam mentiras e, comemoram.",2,positivo
o camera da band vendo o desespero do gramunhao,0,negativo
"a eleicao nem acabou, mas o brasil ja e a venezuela.",0,negativo
lula foi ao complexo do alemao e caminhou com paz e tranquilidade pelo entorno da comunidade.,2,positivo
"pouco tempo atras, um outro evento marcado pelo presidente com os artistas nao teve a adesao esperada ",0,negativo
"ate amanha ai, ta ok?",0,negativo
"bolsonaro volta a juiz de fora, reconhece derrota em minas e fala em virada de votos no 2o turno.",0,negativo
" entendo o lula tentar fugir. a verdade incomoda, mas precisa ser dita! quem e amigo do crime e de ditadores socialistas, e inimigo do povo!",0,negativo
cerca de 21 organizacoes que atuam com imigracao e refugiados criticaram o presidente #bolsonaro #venezuelanas #eleicoes (via uol noticias),1,neutro
"a tradicao de colorir de verde e amarelo as ruas do bairro caicara, na regiao noroeste de belo horizonte, acabou ganhando um novo significado nesta #copa do mundo.",0,negativo
"contra fatos nao tem argumento. o brasil esta se recuperando desde 2019 da ma administracao de lula e dilma. o futuro de nossos filhos depende do brasil continuar a crescer, depende da economia crescer, e nao de governo que so beneficia seus amigos e familiares e engana o povo com promessa de picanha. nao vote em homens, vote em projetos e boas administracoes #bolsonaro#brasilia#brasil #nordeste#economia#presidente#lula#vote22#vote#verdade#viral#politica#eleicoes2022",2,positivo
